GIGU004,ABB003,Tennis,잠원테니스장4,02-3780-0531,"요금:1회 2000원 단체독점사용시,월간정기사용시 75000원 이용시간:3월~9월 06:00~20:00  10월~익년2월 07:00~18:00 이용기준:1회 2시간이내",37.5203885,127.0111537
GIGU004,ABB003,Tennis,잠원테니스장2,02-3780-0531,"요금:1회 2000원 단체독점사용시,월간정기사용시 75000원 이용시간:3월~9월 06:00~20:00  10월~익년2월 07:00~18:00 이용기준:1회 2시간이내",37.5201665,127.0109155
GIGU004,ABB003,Tennis,잠원테니스장1,02-3780-0531,"요금:1회 2000원 단체독점사용시,월간정기사용시 75000원 이용시간:3월~9월 06:00~20:00  10월~익년2월 07:00~18:00 이용기준:1회 2시간이내",37.5200561,127.0107962
GIGU004,ABB003,Tennis,잠원테니스장5,02-3780-0531,"요금:1회 2000원 단체독점사용시,월간정기사용시 75000원 이용시간:3월~9월 06:00~20:00  10월~익년2월 07:00~18:00 이용기준:1회 2시간이내",37.5204989,127.0112747
GIGU003,ABB003,Tennis,뚝섬테니스장1,02-3780-0521,"요금:1회 2000원 단체독점사용시,월간정기사용시 75000원 이용시간:3월~9월 06:00~20:00  10월~익년2월 07:00~18:00 이용기준:1회 2시간이내(공사중)",37.5278161,127.0771275
GIGU011,ABB003,Tennis,망원테니스장2,02-3780-0601,"요금:1회 2000원 단체독점사용시,월간정기사용시 75000원 이용시간:3월~9월 06:00~20:00  10월~익년2월 07:00~18:00 이용기준:1회 2시간이내",37.5522833,126.8991742
GIGU011,ABB003,Tennis,망원테니스장5,02-3780-0601,"요금:1회 2000원 단체독점사용시,월간정기사용시 75000원 이용시간:3월~9월 06:00~20:00  10월~익년2월 07:00~18:00 이용기준:1회 2시간이내",37.552579,126.8987539
GIGU002,ABB003,Tennis,광나루테니스장1,02-3780-0501,"요금:1회 2000원 단체독점사용시,월간정기사용시 75000원 이용시간:3월~9월 06:00~20:00  10월~익년2월 07:00~18:00 이용기준:1회 2시간이내",37.550397,127.1219598
GIGU002,ABB003,Tennis,광나루테니스장2,02-3780-0501,"요금:1회 2000원 단체독점사용시,월간정기사용시 75000원 이용시간:3월~9월 06:00~20:00  10월~익년2월 07:00~18:00 이용기준:1회 2시간이내",37.550265,127.1219098
GIGU002,ABB003,Tennis,광나루테니스장3,02-3780-0501,"요금:1회 2000원 단체독점사용시,월간정기사용시 75000원 이용시간:3월~9월 06:00~20:00  10월~익년2월 07:00~18:00 이용기준:1회 2시간이내",37.550134,127.1218609
GIGU002,ABB003,Tennis,광나루테니스장4,02-3780-0501,"요금:1회 2000원 단체독점사용시,월간정기사용시 75000원 이용시간:3월~9월 06:00~20:00  10월~익년2월 07:00~18:00 이용기준:1회 2시간이내",37.5500025,127.1218121
GIGU002,ABB003,Tennis,광나루테니스장5,02-3780-0501,"요금:1회 2000원 단체독점사용시,월간정기사용시 75000원 이용시간:3월~9월 06:00~20:00  10월~익년2월 07:00~18:00 이용기준:1회 2시간이내",37.5498715,127.1217632
GIGU002,ABB003,Tennis,광나루테니스장7,02-3780-0501,"요금:1회 2000원 단체독점사용시,월간정기사용시 75000원 이용시간:3월~9월 06:00~20:00  10월~익년2월 07:00~18:00 이용기준:1회 2시간이내",37.5496089,127.1216654
GIGU006,ABB003,Tennis,이촌테니스장5,02-3780-0551,"요금:1회 2000원 단체독점사용시,월간정기사용시 75000원 이용시간:3월~9월 06:00~20:00  10월~익년2월 07:00~18:00 이용기준:1회 2시간이내",37.5156764,126.9852642
GIGU006,ABB003,Tennis,이촌테니스장6,02-3780-0551,"요금:1회 2000원 단체독점사용시,월간정기사용시 75000원 이용시간:3월~9월 06:00~20:00  10월~익년2월 07:00~18:00 이용기준:1회 2시간이내",37.5156633,126.9850787
GIGU006,ABB003,Tennis,이촌테니스장7,02-3780-0551,"요금:1회 2000원 단체독점사용시,월간정기사용시 75000원 이용시간:3월~9월 06:00~20:00  10월~익년2월 07:00~18:00 이용기준:1회 2시간이내",37.5156511,126.984896
GIGU004,ABB003,Tennis,잠원테니스장3,02-3780-0531,"요금:1회 2000원 단체독점사용시,월간정기사용시 75000원 이용시간:3월~9월 06:00~20:00  10월~익년2월 07:00~18:00 이용기준:1회 2시간이내",37.5202777,127.0110349
GIGU011,ABB003,Tennis,망원테니스장4,02-3780-0601,"요금:1회 2000원 단체독점사용시,월간정기사용시 75000원 이용시간:3월~9월 06:00~20:00  10월~익년2월 07:00~18:00 이용기준:1회 2시간이내",37.5524804,126.8988944
GIGU002,ABB003,Tennis,광나루테니스장8,02-3780-0501,"요금:1회 2000원 단체독점사용시,월간정기사용시 75000원 이용시간:3월~9월 06:00~20:00  10월~익년2월 07:00~18:00 이용기준:1회 2시간이내",37.5494774,127.1216166
GIGU003,ABB003,Tennis,뚝섬테니스장2,02-3780-0521,"요금:1회 2000원 단체독점사용시,월간정기사용시 75000원 이용시간:3월~9월 06:00~20:00  10월~익년2월 07:00~18:00 이용기준:1회 2시간이내(공사중)",37.5277339,127.0773559
GIGU002,ABB003,Tennis,광나루테니스장6,02-3780-0501,"요금:1회 2000원 단체독점사용시,월간정기사용시 75000원 이용시간:3월~9월 06:00~20:00  10월~익년2월 07:00~18:00 이용기준:1회 2시간이내",37.54974,127.1217143
GIGU011,ABB003,Tennis,망원테니스장1,02-3780-0601,"요금:1회 2000원 단체독점사용시,월간정기사용시 75000원 이용시간:3월~9월 06:00~20:00  10월~익년2월 07:00~18:00 이용기준:1회 2시간이내",37.5521843,126.8993129
GIGU003,ABB003,Tennis,뚝섬테니스장3,02-3780-0521,"요금:1회 2000원 단체독점사용시,월간정기사용시 75000원 이용시간:3월~9월 06:00~20:00  10월~익년2월 07:00~18:00 이용기준:1회 2시간이내(공사중)",37.527775,127.0772417
GIGU006,ABB003,Tennis,이촌테니스장8,02-3780-0551,"요금:1회 2000원 단체독점사용시,월간정기사용시 75000원 이용시간:3월~9월 06:00~20:00  10월~익년2월 07:00~18:00 이용기준:1회 2시간이내",37.5156393,126.9847094
GIGU006,AB003,Tennis,이촌테니스장4,02-3780-0551,"요금:1회 2000원 단체독점사용시,월간정기사용시 75000원 이용시간:3월~9월 06:00~20:00  10월~익년2월 07:00~18:00 이용기준:1회 2시간이내",37.5156894,126.9854474
GIGU006,AB003,Tennis,이촌테니스장3,02-3780-0551,"요금:1회 2000원 단체독점사용시,월간정기사용시 75000원 이용시간:3월~9월 06:00~20:00  10월~익년2월 07:00~18:00 이용기준:1회 2시간이내",37.5157016,126.9856205
GIGU006,AB003,Tennis,이촌테니스장2,02-3780-0551,"요금:1회 2000원 단체독점사용시,월간정기사용시 75000원 이용시간:3월~9월 06:00~20:00  10월~익년2월 07:00~18:00 이용기준:1회 2시간이내",37.5157129,126.9857794
GIGU006,AB003,Tennis,이촌테니스장1,02-3780-0551,"요금:1회 2000원 단체독점사용시,월간정기사용시 75000원 이용시간:3월~9월 06:00~20:00  10월~익년2월 07:00~18:00 이용기준:1회 2시간이내",37.5157251,126.9859462
GIGU011,ABB003,Tennis,망원테니스장3,02-3780-0601,"요금:1회 2000원 단체독점사용시,월간정기사용시 75000원 이용시간:3월~9월 06:00~20:00  10월~익년2월 07:00~18:00 이용기준:1회 2시간이내",37.5523819,126.8990343
GIGU007,ABB100,Soccer,여의도지구축구장5,02-3780-0561,"요금:1일 12000원 단체독점 사용시,월간정기사용시 225000원 이용시간:오전6시~오후8시 이용기준:조조시간에한하며 1일 2시간이내사용",37.5250079,126.9134717
GIGU007,ABB100,Soccer,여의도지구축구장4,02-3780-0561,"요금:1일 12000원 단체독점 사용시,월간정기사용시 225000원 이용시간:오전6시~오후8시 이용기준:조조시간에한하며 1일 2시간이내사용",37.5241403,126.9141509
GIGU007,ABB100,Soccer,여의도지구축구장2,02-3780-0561,"요금:1일 12000원 단체독점 사용시,월간정기사용시 225000원 이용시간:오전6시~오후8시 이용기준:조조시간에한하며 1일 2시간이내사용",37.5163879,126.9311592
GIGU007,ABB100,Soccer,여의도지구축구장1,02-3780-0561,"요금:1일 12000원 단체독점 사용시,월간정기사용시 225000원 이용시간:오전6시~오후8시 이용기준:조조시간에한하며 1일 2시간이내사용",37.516428,126.9318254
GIGU004,ABB100,Soccer,잠원지구축구장1,02-3780-0531,"요금:1일 12000원 단체독점 사용시,월간정기사용시 225000원 이용시간:오전6시~오후8시 이용기준:조조시간에한하며 1일 2시간이내사용",37.5256056,127.0166072
GIGU006,ABB100,Soccer,축구장2(한강),02-3780-0551,"요금:1일 12000원 단체독점 사용시,월간정기사용시 225000원 이용시간:오전6시~오후8시 이용기준:조조시간에한하며 1일 2시간이내사용",37.5217571,126.9582748
GIGU011,ABB100,Soccer,망원지구축구장,02-3780-0601,"요금:1일 12000원 단체독점 사용시,월간정기사용시 225000원 이용시간:오전6시~오후8시 이용기준:조조시간에한하며 1일 2시간이내사용",37.5514635,126.9003358
GIGU006,ABB100,Soccer,사단법인차범근축구교실,02-3780-0551,"요금:1일 12000원 단체독점 사용시,월간정기사용시 225000원 이용시간:오전6시~오후8시 이용기준:조조시간에한하며 1일 2시간이내사용",37.5181094,126.9686281
GIGU006,ABB100,Soccer,거북축구장(축구장1),02-3780-0551,"요금:1일 12000원 단체독점 사용시,월간정기사용시 225000원 이용시간:오전6시~오후8시 이용기준:조조시간에한하며 1일 2시간이내사용",37.5179015,126.969588
GIGU007,ABB100,Soccer,여의도지구축구장,02-3780-0561,"요금:1일 12000원 단체독점 사용시,월간정기사용시 225000원 이용시간:오전6시~오후8시 이용기준:조조시간에한하며 1일 2시간이내사용",37.5339756,126.9178937
GIGU005,ABB100,Soccer,반포지구축구장,02-3780-0541,"요금:1일 12000원 단체독점 사용시,월간정기사용시 225000원 이용시간:오전6시~오후8시 이용기준:조조시간에한하며 1일 2시간이내사용",37.5147104,127.0049085
GIGU012,ABB100,Soccer,강서지구축구장,02-3780-0621,"요금:1일 12000원 단체독점 사용시,월간정기사용시 225000원 이용시간:오전6시~오후8시 이용기준:조조시간에한하며 1일 2시간이내사용",37.5835612,126.823801
GIGU001,ABB100,Soccer,잠실지구축구장1,02-3780-0531,"요금:1일 12000원 단체독점 사용시,월간정기사용시 225000원 이용시간:오전6시~오후8시 이용기준:조조시간에한하며 1일 2시간이내사용",37.5220559,127.0979333
GIGU002,ABB100,Soccer,광나루지구축구장3,02-3780-0501,"요금:1일 12000원 단체독점 사용시,월간정기사용시 225000원 이용시간:오전6시~오후8시 이용기준:조조시간에한하며 1일 2시간이내사용",37.5406049,127.1157449
GIGU009,ABB100,Soccer,양화지구축구장1,02-3780-0581,"요금:1일 12000원 단체독점 사용시,월간정기사용시 225000원 이용시간:오전6시~오후8시 이용기준:조조시간에한하며 1일 2시간이내사용",37.5439617,126.8934557
GIGU002,ABB100,Soccer,광나루지구축구장1,02-3780-0501,"요금:1일 12000원 단체독점 사용시,월간정기사용시 225000원 이용시간:오전6시~오후8시 이용기준:조조시간에한하며 1일 2시간이내사용",37.5530147,127.1228412
GIGU006,ABB100,Soccer,이촌지구미니축구장,02-3780-0551,"요금:1일 12000원 단체독점 사용시,월간정기사용시 225000원 이용시간:오전6시~오후8시 이용기준:조조시간에한하며 1일 2시간이내사용",37.518332,126.9688927
GIGU002,ABB100,Soccer,광나루지구축구장2,02-3780-0501,"요금:1일 12000원 단체독점 사용시,월간정기사용시 225000원 이용시간:오전6시~오후8시 이용기준:조조시간에한하며 1일 2시간이내사용",37.5513549,127.1222868
GIGU006,ABB100,Soccer,미니축구장,02-3780-0551,"요금:1일 12000원 단체독점 사용시,월간정기사용시 225000원 이용시간:오전6시~오후8시 이용기준:조조시간에한하며 1일 2시간이내사용",37.5279641,127.0065769
GIGU006,ABB100,Soccer,이촌지구미니축구장,02-3780-0551,"요금:1일 12000원 단체독점 사용시,월간정기사용시 225000원 이용시간:오전6시~오후8시 이용기준:조조시간에한하며 1일 2시간이내사용",37.5185856,126.968598
GIGU011,ABB109,Baseball,망원어린이야구장,02-3780-0601,"요금:1회 8000원 단체독점사용시,월간정기사용시 120000원 이용시간:오전6시~오후8시 이용기준: 조조시간에 한하며 1일 2시간이내사용",37.5467423,126.9069365
GIGU006,ABB109,Baseball,이촌어린이야구장(초지),02-3780-0551,"요금:1회 8000원 단체독점사용시,월간정기사용시 120000원 이용시간:오전6시~오후8시 이용기준: 조조시간에 한하며 1일 2시간이내사용 (공사중)",37.5219518,126.9573069
GIGU002,ABB109,Baseball,광나루어린이야구장,02-3780-0501,"요금:1회 8000원 단체독점사용시,월간정기사용시 120000원 이용시간:오전6시~오후8시 이용기준: 조조시간에 한하며 1일 2시간이내사용",37.5400544,127.1152988
GIGU010,ABB109,Baseball,야구장,02-3780-0501,"요금:1회 8000원 단체독점사용시,월간정기사용시 120000원 이용시간:오전6시~오후8시 이용기준: 조조시간에 한하며 1일 2시간이내사용",37.5677982,126.8748651
GIGU012,AAB104,Gateball,강서지구게이트볼장1,02-3780-0621,NULL,37.5841609,126.8217306
GIGU012,AAB104,Gateball,강서지구게이트볼장3,02-3780-0621,NULL,37.5840197,126.8218838
GIGU012,AAB104,Gateball,강서지구게이트볼장4,02-3780-0621,NULL,37.5841118,126.8220188
GIGU012,AAB104,Gateball,강서지구게이트볼장2,02-3780-0621,NULL,37.5842539,126.8218651
GIGU011,ABB104,Gateball,망원지구게이트볼장1,02-3780-0601,NULL,37.5436006,126.9213649
GIGU006,ABB104,Gateball,이촌지구게이트볼장4,02-3780-0551,NULL,37.5207003,126.9624422
GIGU006,ABB104,Gateball,이촌지구게이트볼장5,02-3780-0551,NULL,37.5206386,126.9626758
GIGU006,ABB104,Gateball,이촌지구게이트볼장3,02-3780-0551,NULL,37.5208202,126.9627589
GIGU006,ABB104,Gateball,이촌지구게이트볼장2,02-3780-0551,NULL,37.52088,126.9625264
GIGU001,ABB104,Gateball,잠실지구게이트볼장3,02-3780-0511,NULL,37.51825,127.0895124
GIGU001,ABB104,Gateball,잠실지구게이트볼장4,02-3780-0511,NULL,37.5181713,127.0892369
GIGU001,ABB104,Gateball,잠실지구게이트볼장2,02-3780-0511,NULL,37.5183849,127.0891404
GIGU001,ABB104,Gateball,잠실지구게이트볼장1,02-3780-0511,NULL,37.5184631,127.0894092
GIGU002,ABB104,Gateball,광나루지구게이트볼장4,02-3780-0501,NULL,37.5430114,127.1189492
GIGU002,ABB104,Gateball,광나루지구게이트볼장3,02-3780-0501,NULL,37.5431902,127.119049
GIGU002,ABB104,Gateball,광나루지구게이트볼장2,02-3780-0501,NULL,37.5433459,127.1191438
GIGU002,ABB104,Gateball,광나루지구게이트볼장1,02-3780-0501,NULL,37.5435211,127.1192278
GIGU011,ABB104,Gateball,망원지구게이트볼장2,02-3780-0601,NULL,37.5439313,126.9220276
GIGU005,ABB103,Basketball,반포농구장4,02-3780-0541,"요금:1일 4000원 단체독점사용시,월간 정기사용시 75000원 이용시간:3월~9월 06:00시~20:00시 10월~익년2월:07:00시~18:00시 이용조건:1회 2시간이내",37.5140342,127.0042479
GIGU005,ABB103,Basketball,반포농구장5,02-3780-0541,"요금:1일 4000원 단체독점사용시,월간 정기사용시 75000원 이용시간:3월~9월 06:00시~20:00시 10월~익년2월:07:00시~18:00시 이용조건:1회 2시간이내",37.5141766,127.0040974
GIGU005,ABB103,Basketball,반포농구장2,02-3780-0541,"요금:1일 4000원 단체독점사용시,월간 정기사용시 75000원 이용시간:3월~9월 06:00시~20:00시 10월~익년2월:07:00시~18:00시 이용조건:1회 2시간이내",37.5083713,126.9934022
GIGU003,ABB103,Basketball,뚝섬농구장2,02-3780-0521,"요금:1일 4000원 단체독점사용시,월간 정기사용시 75000원 이용시간:3월~9월 06:00시~20:00시 10월~익년2월:07:00시~18:00시 이용조건:1회 2시간이내",37.5275963,127.0770328
GIGU009,ABB103,Basketball,양화농구장2,02-3780-0581,"요금:1일 4000원 단체독점사용시,월간 정기사용시 75000원 이용시간:3월~9월 06:00시~20:00시 10월~익년2월:07:00시~18:00시 이용조건:1회 2시간이내",37.5438096,126.8941734
GIGU009,ABB103,Basketball,양화농구장1,02-3780-0581,"요금:1일 4000원 단체독점사용시,월간 정기사용시 75000원 이용시간:3월~9월 06:00시~20:00시 10월~익년2월:07:00시~18:00시 이용조건:1회 2시간이내",37.5437286,126.8942991
GIGU007,ABB103,Basketball,여의도농구장4,02-3780-0561,"요금:1일 4000원 단체독점사용시,월간 정기사용시 75000원 이용시간:3월~9월 06:00시~20:00시 10월~익년2월:07:00시~18:00시 이용조건:1회 2시간이내",37.5246818,126.9142374
GIGU002,ABB103,Basketball,광나루농구장1,02-3780-0501,"요금:1일 4000원 단체독점사용시,월간 정기사용시 75000원 이용시간:3월~9월 06:00시~20:00시 10월~익년2월:07:00시~18:00시 이용조건:1회 2시간이내",37.5538682,127.1231011
GIGU002,ABB103,Basketball,광나루농구장2,02-3780-0501,"요금:1일 4000원 단체독점사용시,월간 정기사용시 75000원 이용시간:3월~9월 06:00시~20:00시 10월~익년2월:07:00시~18:00시 이용조건:1회 2시간이내",37.5538262,127.1232652
GIGU012,ABB103,Basketball,강서농구장2,02-3780-0621,"요금:1일 4000원 단체독점사용시,월간 정기사용시 75000원 이용시간:3월~9월 06:00시~20:00시 10월~익년2월:07:00시~18:00시 이용조건:1회 2시간이내",37.5829677,126.824818
GIGU012,ABB103,Basketball,강서농구장1,02-3780-0621,"요금:1일 4000원 단체독점사용시,월간 정기사용시 75000원 이용시간:3월~9월 06:00시~20:00시 10월~익년2월:07:00시~18:00시 이용조건:1회 2시간이내",37.5828283,126.8247175
GIGU007,ABB103,Basketball,여의도농구장2,02-3780-0561,"요금:1일 4000원 단체독점사용시,월간 정기사용시 75000원 이용시간:3월~9월 06:00시~20:00시 10월~익년2월:07:00시~18:00시 이용조건:1회 2시간이내",37.5164686,126.9327444
GIGU011,ABB103,Basketball,망원농구장4,02-3780-0601,"요금:1일 4000원 단체독점사용시,월간 정기사용시 75000원 이용시간:3월~9월 06:00시~20:00시 10월~익년2월:07:00시~18:00시 이용조건:1회 2시간이내",37.5534697,126.8973398
GIGU011,ABB103,Basketball,망원농구장3,02-3780-0601,"요금:1일 4000원 단체독점사용시,월간 정기사용시 75000원 이용시간:3월~9월 06:00시~20:00시 10월~익년2월:07:00시~18:00시 이용조건:1회 2시간이내",37.5536124,126.8971342
GIGU006,ABB103,Basketball,이촌한강농구장2,02-3780-0551,"요금:1일 4000원 단체독점사용시,월간 정기사용시 75000원 이용시간:3월~9월 06:00시~20:00시 10월~익년2월:07:00시~18:00시 이용조건:1회 2시간이내",37.5209348,126.9618821
GIGU006,ABB103,Basketball,이촌한강농구장1,02-3780-0551,"요금:1일 4000원 단체독점사용시,월간 정기사용시 75000원 이용시간:3월~9월 06:00시~20:00시 10월~익년2월:07:00시~18:00시 이용조건:1회 2시간이내",37.5209942,126.9617169
GIGU006,ABB103,Basketball,이촌지구농구장8,02-3780-0551,"요금:1일 4000원 단체독점사용시,월간 정기사용시 75000원 이용시간:3월~9월 06:00시~20:00시 10월~익년2월:07:00시~18:00시 이용조건:1회 2시간이내",37.5196145,126.9653143
GIGU006,ABB103,Basketball,이촌농구장7,02-3780-0551,"요금:1일 4000원 단체독점사용시,월간 정기사용시 75000원 이용시간:3월~9월 06:00시~20:00시 10월~익년2월:07:00시~18:00시 이용조건:1회 2시간이내",37.5281839,127.0070085
GIGU007,ABB103,Basketball,여의도농구장5,02-3780-0561,"요금:1일 4000원 단체독점사용시,월간 정기사용시 75000원 이용시간:3월~9월 06:00시~20:00시 10월~익년2월:07:00시~18:00시 이용조건:1회 2시간이내",37.5244378,126.9144215
GIGU007,ABB103,Basketball,여의도농구장3,02-3780-0561,"요금:1일 4000원 단체독점사용시,월간 정기사용시 75000원 이용시간:3월~9월 06:00시~20:00시 10월~익년2월:07:00시~18:00시 이용조건:1회 2시간이내",37.5162253,126.932761
GIGU005,ABB103,Basketball,반포농구장3,02-3780-0541,"요금:1일 4000원 단체독점사용시,월간 정기사용시 75000원 이용시간:3월~9월 06:00시~20:00시 10월~익년2월:07:00시~18:00시 이용조건:1회 2시간이내",37.5085695,126.9932342
GIGU002,ABB103,Basketball,광나루농구장3,02-3780-0501,"요금:1일 4000원 단체독점사용시,월간 정기사용시 75000원 이용시간:3월~9월 06:00시~20:00시 10월~익년2월:07:00시~18:00시 이용조건:1회 2시간이내",37.5539592,127.1231505
GIGU011,ABB103,Basketball,망원농구장5,02-3780-0601,"요금:1일 4000원 단체독점사용시,월간 정기사용시 75000원 이용시간:3월~9월 06:00시~20:00시 10월~익년2월:07:00시~18:00시 이용조건:1회 2시간이내",37.5410819,126.9380314
GIGU006,ABB103,Basketball,이촌농구장5,02-3780-0551,"요금:1일 4000원 단체독점사용시,월간 정기사용시 75000원 이용시간:3월~9월 06:00시~20:00시 10월~익년2월:07:00시~18:00시 이용조건:1회 2시간이내",37.5414221,127.0205733
GIGU011,ABB103,Basketball,망원농구장2,02-3780-0601,"요금:1일 4000원 단체독점사용시,월간 정기사용시 75000원 이용시간:3월~9월 06:00시~20:00시 10월~익년2월:07:00시~18:00시 이용조건:1회 2시간이내",37.5509369,126.9008384
GIGU004,ABB103,Basketball,잠원농구장4,02-3780-0531,"요금:1일 4000원 단체독점사용시,월간 정기사용시 75000원 이용시간:3월~9월 06:00시~20:00시 10월~익년2월:07:00시~18:00시 이용조건:1회 2시간이내",37.5258073,127.017234
GIGU007,ABB103,Basketball,여의도농구장1,02-3780-0561,"요금:1일 4000원 단체독점사용시,월간 정기사용시 75000원 이용시간:3월~9월 06:00시~20:00시 10월~익년2월:07:00시~18:00시 이용조건:1회 2시간이내",37.5167163,126.9327249
GIGU004,ABB103,Basketball,잠원농구장3,02-3780-0531,"요금:1일 4000원 단체독점사용시,월간 정기사용시 75000원 이용시간:3월~9월 06:00시~20:00시 10월~익년2월:07:00시~18:00시 이용조건:1회 2시간이내",37.5260998,127.0169705
GIGU004,ABB103,Basketball,잠원농구장1,02-3780-0531,"요금:1일 4000원 단체독점사용시,월간 정기사용시 75000원 이용시간:3월~9월 06:00시~20:00시 10월~익년2월:07:00시~18:00시 이용조건:1회 2시간이내",37.526225,127.0171872
GIGU004,ABB103,Basketball,잠원농구장2,02-3780-0531,"요금:1일 4000원 단체독점사용시,월간 정기사용시 75000원 이용시간:3월~9월 06:00시~20:00시 10월~익년2월:07:00시~18:00시 이용조건:1회 2시간이내",37.5259344,127.0174541
GIGU007,ABB103,Basketball,여의도농구장,02-3780-0561,"요금:1일 4000원 단체독점사용시,월간 정기사용시 75000원 이용시간:3월~9월 06:00시~20:00시 10월~익년2월:07:00시~18:00시 이용조건:1회 2시간이내",37.5341242,126.9165805
GIGU003,ABB103,Basketball,뚝섬장애인농구장1,02-3780-0521,"요금:1일 4000원 단체독점사용시,월간 정기사용시 75000원 이용시간:3월~9월 06:00시~20:00시 10월~익년2월:07:00시~18:00시 이용조건:1회 2시간이내",37.5286343,127.0726251
GIGU003,ABB103,Basketball,뚝섬장애인농구장2,02-3780-0521,"요금:1일 4000원 단체독점사용시,월간 정기사용시 75000원 이용시간:3월~9월 06:00시~20:00시 10월~익년2월:07:00시~18:00시 이용조건:1회 2시간이내",37.5285761,127.0728354
GIGU003,ABB103,Basketball,뚝섬농구장1,02-3780-0521,"요금:1일 4000원 단체독점사용시,월간 정기사용시 75000원 이용시간:3월~9월 06:00시~20:00시 10월~익년2월:07:00시~18:00시 이용조건:1회 2시간이내",37.5275394,127.0771911
GIGU003,ABB103,Basketball,뚝섬농구장3,02-3780-0521,"요금:1일 4000원 단체독점사용시,월간 정기사용시 75000원 이용시간:3월~9월 06:00시~20:00시 10월~익년2월:07:00시~18:00시 이용조건:1회 2시간이내",37.5276527,127.0768733
GIGU011,ABB103,Basketball,망원농구장1,02-3780-0601,"요금:1일 4000원 단체독점사용시,월간 정기사용시 75000원 이용시간:3월~9월 06:00시~20:00시 10월~익년2월:07:00시~18:00시 이용조건:1회 2시간이내",37.551124,126.901047
GIGU002,ABB103,Basketball,광나루농구장4,02-3780-0501,"요금:1일 4000원 단체독점사용시,월간 정기사용시 75000원 이용시간:3월~9월 06:00시~20:00시 10월~익년2월:07:00시~18:00시 이용조건:1회 2시간이내",37.5539171,127.1233004
GIGU012,ABB103,Basketball,강서농구장3,02-3780-0621,"요금:1일 4000원 단체독점사용시,월간 정기사용시 75000원 이용시간:3월~9월 06:00시~20:00시 10월~익년2월:07:00시~18:00시 이용조건:1회 2시간이내",37.5831043,126.8249178
GIGU005,ABB103,Basketball,반포농구장1,02-3780-0541,"요금:1일 4000원 단체독점사용시,월간 정기사용시 75000원 이용시간:3월~9월 06:00시~20:00시 10월~익년2월:07:00시~18:00시 이용조건:1회 2시간이내",37.5085479,126.9937307
GIGU009,ABB101,Volleyball,양화배구장2,02-3780-0581,"요금:1회 4000원 단체독점사용시,월간정기사용시 75000원 이용시간:오전6시~오후8시 이용조건: 조조시간에 한하며 1일 2시간이내 사용",37.5434786,126.8942847
GIGU006,ABB101,Volleyball,이촌배구장3,02-3780-0551,"요금:1회 4000원 단체독점사용시,월간정기사용시 75000원 이용시간:오전6시~오후8시 이용조건: 조조시간에 한하며 1일 2시간이내 사용",37.5208758,126.9620473
GIGU002,ABB101,Volleyball,광나루배구장7,02-3780-0501,공사중,37.5370038,127.1117973
GIGU002,ABB101,Volleyball,광나루배구장1,02-3780-0501,"요금:1회 4000원 단체독점사용시,월간정기사용시 75000원 이용시간:오전6시~오후8시 이용조건: 조조시간에 한하며 1일 2시간이내 사용",37.5537421,127.1231388
GIGU002,ABB101,Volleyball,광나루배구장2,02-3780-0501,"요금:1회 4000원 단체독점사용시,월간정기사용시 75000원 이용시간:오전6시~오후8시 이용조건: 조조시간에 한하며 1일 2시간이내 사용",37.5536317,127.1230911
GIGU002,ABB101,Volleyball,광나루배구장3,02-3780-0501,"요금:1회 4000원 단체독점사용시,월간정기사용시 75000원 이용시간:오전6시~오후8시 이용조건: 조조시간에 한하며 1일 2시간이내 사용",37.5523609,127.1226403
GIGU002,ABB101,Volleyball,광나루배구장4,02-3780-0501,"요금:1회 4000원 단체독점사용시,월간정기사용시 75000원 이용시간:오전6시~오후8시 이용조건: 조조시간에 한하며 1일 2시간이내 사용",37.5521474,127.1225675
GIGU009,ABB101,Volleyball,양화배구장1,02-3780-0581,"요금:1회 4000원 단체독점사용시,월간정기사용시 75000원 이용시간:오전6시~오후8시 이용조건: 조조시간에 한하며 1일 2시간이내 사용",37.5433211,126.8945265
GIGU001,ABB101,Volleyball,잠실배구장2,02-3780-0511,"요금:1회 4000원 단체독점사용시,월간정기사용시 75000원 이용시간:오전6시~오후8시 이용조건: 조조시간에 한하며 1일 2시간이내 사용",37.5181075,127.0890128
GIGU001,ABB101,Volleyball,잠실배구장1,02-3780-0511,"요금:1회 4000원 단체독점사용시,월간정기사용시 75000원 이용시간:오전6시~오후8시 이용조건: 조조시간에 한하며 1일 2시간이내 사용",37.5183265,127.0889441
GIGU011,ABB101,Volleyball,망원배구장2,02-3780-0601,"요금:1회 4000원 단체독점사용시,월간정기사용시 75000원 이용시간:오전6시~오후8시 이용조건: 조조시간에 한하며 1일 2시간이내 사용",37.5518192,126.8995975
GIGU006,ABB101,Volleyball,이촌배구장1,02-3780-0551,"요금:1회 4000원 단체독점사용시,월간정기사용시 75000원 이용시간:오전6시~오후8시 이용조건: 조조시간에 한하며 1일 2시간이내 사용",37.5211126,126.9613871
GIGU011,ABB101,Volleyball,망원배구장4,02-3780-0601,"요금:1회 4000원 단체독점사용시,월간정기사용시 75000원 이용시간:오전6시~오후8시 이용조건: 조조시간에 한하며 1일 2시간이내 사용",37.5537501,126.8974746
GIGU004,ABB101,Volleyball,잠원배구장1,02-3780-0531,"요금:1회 4000원 단체독점사용시,월간정기사용시 75000원 이용시간:오전6시~오후8시 이용조건: 조조시간에 한하며 1일 2시간이내 사용",37.5263439,127.0173987
GIGU004,ABB101,Volleyball,잠원배구장2,02-3780-0531,"요금:1회 4000원 단체독점사용시,월간정기사용시 75000원 이용시간:오전6시~오후8시 이용조건: 조조시간에 한하며 1일 2시간이내 사용",37.5260537,127.01766
GIGU011,ABB101,Volleyball,망원배구장3,02-3780-0601,"요금:1회 4000원 단체독점사용시,월간정기사용시 75000원 이용시간:오전6시~오후8시 이용조건: 조조시간에 한하며 1일 2시간이내 사용",37.5538723,126.8975865
GIGU011,ABB101,Volleyball,망원배구장1,02-3780-0601,"요금:1회 4000원 단체독점사용시,월간정기사용시 75000원 이용시간:오전6시~오후8시 이용조건: 조조시간에 한하며 1일 2시간이내 사용",37.5520023,126.8998162
GIGU006,ABB101,Volleyball,이촌배구장2,02-3780-0551,"요금:1회 4000원 단체독점사용시,월간정기사용시 75000원 이용시간:오전6시~오후8시 이용조건: 조조시간에 한하며 1일 2시간이내 사용",37.5210532,126.9615523
GIGU002,ABB101,Volleyball,광나루배구장8,02-3780-0501,공사중,37.5368881,127.1116648
GIGU007,ABB101,Volleyball,여의도배구장1,02-3780-0561,"요금:1회 4000원 단체독점사용시,월간정기사용시 75000원 이용시간:오전6시~오후8시 이용조건: 조조시간에 한하며 1일 2시간이내 사용",37.5164584,126.9323423
GIGU002,ABB102,Badminton,광나루배드민턴장3,02-3780-0501,"요금:1회2000원 단체독점사용시,월간정기사용시 30000원 이용시간:3월~9월 06:00~20:00 10월~익년2월 07:00~18:00  이용기준:1회 2시",37.5540257,127.1233062
GIGU005,ABB102,Badminton,반포배드민턴장5,NULL,"요금:1회2000원 단체독점사용시,월간정기사용시 30000원 이용시간:3월~9월 06:00~20:00 10월~익년2월 07:00~18:00  이용기준:1회 2시",37.5081978,126.9931607
GIGU011,ABB102,Badminton,망원배드민턴장1,02-3780-0601,"요금:1회2000원 단체독점사용시,월간정기사용시 30000원 이용시간:3월~9월 06:00~20:00 10월~익년2월 07:00~18:00  이용기준:1회 2시",37.5409027,126.9383235
GIGU006,ABB102,Badminton,이촌배드민턴장1,02-3780-0551,"요금:1회2000원 단체독점사용시,월간정기사용시 30000원 이용시간:3월~9월 06:00~20:00 10월~익년2월 07:00~18:00  이용기준:1회 2시",37.5411078,127.01956
GIGU002,ABB102,Badminton,광나루배드민턴장4,02-3780-0501,"요금:1회2000원 단체독점사용시,월간정기사용시 30000원 이용시간:3월~9월 06:00~20:00 10월~익년2월 07:00~18:00  이용기준:1회 2시",37.5540063,127.1233741
GIGU007,ABB102,Badminton,여의도배드민턴장1,NULL,"요금:1회2000원 단체독점사용시,월간정기사용시 30000원 이용시간:3월~9월 06:00~20:00 10월~익년2월 07:00~18:00  이용기준:1회 2시",37.5343975,126.916303
GIGU007,ABB102,Badminton,여의도배드민턴장2,NULL,"요금:1회2000원 단체독점사용시,월간정기사용시 30000원 이용시간:3월~9월 06:00~20:00 10월~익년2월 07:00~18:00  이용기준:1회 2시",37.5342714,126.916431
GIGU005,ABB102,Badminton,반포배드민턴장1,NULL,"요금:1회2000원 단체독점사용시,월간정기사용시 30000원 이용시간:3월~9월 06:00~20:00 10월~익년2월 07:00~18:00  이용기준:1회 2시",37.5086349,126.9935684
GIGU005,ABB102,Badminton,반포배드민턴장4,NULL,"요금:1회2000원 단체독점사용시,월간정기사용시 30000원 이용시간:3월~9월 06:00~20:00 10월~익년2월 07:00~18:00  이용기준:1회 2시",37.5082834,126.9930878
GIGU005,ABB102,Badminton,반포배드민턴장3,NULL,"요금:1회2000원 단체독점사용시,월간정기사용시 30000원 이용시간:3월~9월 06:00~20:00 10월~익년2월 07:00~18:00  이용기준:1회 2시",37.5083695,126.9930154
GIGU005,ABB102,Badminton,반포배드민턴장2,NULL,"요금:1회2000원 단체독점사용시,월간정기사용시 30000원 이용시간:3월~9월 06:00~20:00 10월~익년2월 07:00~18:00  이용기준:1회 2시",37.5084555,126.9929418
GIGU005,ABB102,Badminton,반포배드민턴장6,NULL,"요금:1회2000원 단체독점사용시,월간정기사용시 30000원 이용시간:3월~9월 06:00~20:00 10월~익년2월 07:00~18:00  이용기준:1회 2시",37.5087204,126.9934955
GIGU005,ABB102,Badminton,반포배드민턴장9,NULL,"요금:1회2000원 단체독점사용시,월간정기사용시 30000원 이용시간:3월~9월 06:00~20:00 10월~익년2월 07:00~18:00  이용기준:1회 2시",37.5141698,127.0045109
GIGU003,ABB102,Badminton,뚝섬배드민턴장,NULL,NULL,37.5277737,127.0772445
GIGU005,ABB102,Badminton,반포배드민턴장8,NULL,"요금:1회2000원 단체독점사용시,월간정기사용시 30000원 이용시간:3월~9월 06:00~20:00 10월~익년2월 07:00~18:00  이용기준:1회 2시",37.5142649,127.0044102
GIGU002,ABB102,Badminton,광나루배드민턴장2,02-3780-0501,"요금:1회2000원 단체독점사용시,월간정기사용시 30000원 이용시간:3월~9월 06:00~20:00 10월~익년2월 07:00~18:00  이용기준:1회 2시",37.554046,127.1232389
GIGU005,ABB102,Badminton,반포배드민턴장7,NULL,"요금:1회2000원 단체독점사용시,월간정기사용시 30000원 이용시간:3월~9월 06:00~20:00 10월~익년2월 07:00~18:00  이용기준:1회 2시",37.5143599,127.0043107
GIGU002,ABB102,Badminton,광나루배드민턴장1,02-3780-0501,"요금:1회2000원 단체독점사용시,월간정기사용시 30000원 이용시간:3월~9월 06:00~20:00 10월~익년2월 07:00~18:00  이용기준:1회 2시",37.554065,127.1231677
GIGU006,ABB102,Badminton,이촌배드민턴장2,02-3780-0551,"요금:1회2000원 단체독점사용시,월간정기사용시 30000원 이용시간:3월~9월 06:00~20:00 10월~익년2월 07:00~18:00  이용기준:1회 2시",37.5410299,127.0194377
GIGU003,ABB201,WaterLeisure,수상레져,NULL,NULL,37.5295907,127.0649085
GIGU003,ABB201,WaterLeisure,수상레져,NULL,NULL,37.5280418,127.0683283
GIGU003,ABB201,WaterLeisure,수상레져,NULL,NULL,37.5278246,127.0700126
GIGU003,ABB201,WaterLeisure,수상레져,NULL,NULL,37.5274568,127.0702838
GIGU004,ABB201,WaterLeisure,서울국제요트클,02-3477-0333,NULL,37.5191333,127.007916
GIGU004,ABB201,WaterLeisure,ON 수상스키,02-3444-5550,NULL,37.5274017,127.0173147
GIGU004,ABB201,WaterLeisure,피코 수상스키,02-541-8255,NULL,37.5314144,127.0431957
GIGU010,ABB201,WaterLeisure,수상레져,NULL,NULL,37.5605802,126.8858863
GIGU011,ABB201,WaterLeisure,수상레져,NULL,NULL,37.5538967,126.8956416
GIGU009,ABB201,WaterLeisure,수상레져,NULL,NULL,37.5472218,126.8903312
GIGU009,ABB201,WaterLeisure,수상레져,NULL,NULL,37.5382988,126.9044119
GIGU007,ABB201,WaterLeisure,수상레져,NULL,NULL,37.5333186,126.9252145
GIGU007,ABB201,WaterLeisure,수상레져,NULL,NULL,37.5260983,126.9381037
GIGU005,ABB201,WaterLeisure,수상레져,NULL,NULL,37.5070384,126.9848581
GIGU004,ABB201,WaterLeisure,리버씨티수상스,02-3442-3313,NULL,37.5290205,127.0192134
GIGU011,ABB012,Pool,망원수영장,02-322-0632,NULL,126.8928703,37.5574233
GIGU004,ABB012,Pool,잠원수영장,02-536-8263,NULL,127.009825,37.5194624
GIGU002,ABB012,Pool,광나루수영장,02-470-9561,NULL,127.1212773,37.5485313
GIGU001,ABB012,Pool,잠실수영장,02-421-2574,NULL,127.0859669,37.5179251
GIGU007,ABB012,Pool,여의도수영장,02-785-1093,NULL,126.9201655,37.5334069
GIGU003,ABB012,Pool,뚝섬수영장,02-452-5955,NULL,127.0674331,37.5295528
GIGU006,AAB670,InlineSkate,인라인스케이트장,NULL,NULL,37.5164798,126.9735369
GIGU001,AAB670,InlineSkate,인라인스케이트장,NULL,NULL,37.5188266,127.0739554
GIGU002,AAB670,InlineSkate,인라인스케이트장,NULL,NULL,37.5431086,127.1175802
GIGU006,AAB670,InlineSkate,인라인스케이트장,NULL,NULL,37.5213238,126.9611658
GIGU007,ADA037,InlineSkate,인라인스케이트장,NULL,NULL,37.5331121,126.9220955
GIGU001,ABB112,Jokgu,잠실지구족구장1,02-3780-0511,"요금:1일 4000원 단체독점사용시,월간 정기사용시 75000원 이용시간:3월~9월 06:00시~20:00시 10월~익년2월:07:00시~18:00시 이용조건:1회 2시간이내사용",37.5181251,127.0890756
GIGU006,ABB112,Jokgu,이촌지구족구장1,02-3780-0551,"요금:1일 4000원 단체독점사용시,월간 정기사용시 75000원 이용시간:3월~9월 06:00시~20:00시 10월~익년2월:07:00시~18:00시 이용조건:1회 2시간이내사용",37.5292305,126.9525042
GIGU006,ABB112,Jokgu,이촌지구족구장2,02-3780-0551,"요금:1일 4000원 단체독점사용시,월간 정기사용시 75000원 이용시간:3월~9월 06:00시~20:00시 10월~익년2월:07:00시~18:00시 이용조건:1회 2시간이내사용",37.5291818,126.95239
GIGU003,ABB112,Jokgu,뚝섬지구족구장,NULL,NULL,37.5275972,127.0770277
